game_id,date,home,away,inning,is_top,is_winning_team_batting,pre_half_score_diff,runs_scored,end_of_game_score_diff,pos_started_inning
662021,2022-04-07,St. Louis Cardinals,Pittsburgh Pirates,9,True,False,9,0,9,False
661041,2022-04-08,Los Angeles Angels,Houston Astros,8,True,True,10,0,7,False
661041,2022-04-08,Los Angeles Angels,Houston Astros,8,False,False,10,3,7,False
661041,2022-04-08,Los Angeles Angels,Houston Astros,9,False,False,8,1,7,False
663205,2022-04-09,Chicago Cubs,Milwaukee Brewers,8,True,False,9,0,9,False
663205,2022-04-09,Chicago Cubs,Milwaukee Brewers,9,True,False,9,0,9,False
663205,2022-04-09,Chicago Cubs,Milwaukee Brewers,8,False,True,9,0,9,False
661916,2022-04-10,Tampa Bay Rays,Baltimore Orioles,8,True,False,8,0,8,False
661916,2022-04-10,Tampa Bay Rays,Baltimore Orioles,9,True,False,8,0,8,False
661916,2022-04-10,Tampa Bay Rays,Baltimore Orioles,8,False,True,8,0,8,False
662887,2022-04-10,Detroit Tigers,Chicago White Sox,8,True,True,8,0,9,False
662887,2022-04-10,Detroit Tigers,Chicago White Sox,9,True,True,8,1,9,False
662887,2022-04-10,Detroit Tigers,Chicago White Sox,8,False,False,8,0,9,False
662887,2022-04-10,Detroit Tigers,Chicago White Sox,9,False,False,9,0,9,False
662755,2022-04-10,Kansas City Royals,Cleveland Guardians,8,True,True,14,1,14,False
662755,2022-04-10,Kansas City Royals,Cleveland Guardians,9,True,True,15,0,14,False
662755,2022-04-10,Kansas City Royals,Cleveland Guardians,8,False,False,15,0,14,False
662755,2022-04-10,Kansas City Royals,Cleveland Guardians,9,False,False,15,1,14,False
661915,2022-04-11,Tampa Bay Rays,Oakland Athletics,8,True,True,8,0,11,True
661915,2022-04-11,Tampa Bay Rays,Oakland Athletics,8,False,False,8,1,11,False
661915,2022-04-11,Tampa Bay Rays,Oakland Athletics,9,False,False,11,0,11,False
661572,2022-04-11,Atlanta Braves,Washington Nationals,9,True,True,10,0,9,False
661572,2022-04-11,Atlanta Braves,Washington Nationals,8,False,False,10,0,9,False
661572,2022-04-11,Atlanta Braves,Washington Nationals,9,False,False,10,1,9,False
663395,2022-04-10,Arizona Diamondbacks,San Diego Padres,8,True,True,9,0,5,False
663395,2022-04-10,Arizona Diamondbacks,San Diego Padres,9,True,True,9,0,5,True
663395,2022-04-10,Arizona Diamondbacks,San Diego Padres,8,False,False,9,0,5,False
663395,2022-04-10,Arizona Diamondbacks,San Diego Padres,9,False,False,9,4,5,False
661571,2022-04-12,Atlanta Braves,Washington Nationals,8,True,False,10,0,12,False
661571,2022-04-12,Atlanta Braves,Washington Nationals,9,True,False,13,1,12,False
661571,2022-04-12,Atlanta Braves,Washington Nationals,8,False,True,10,3,12,True
662104,2022-04-12,San Francisco Giants,San Diego Padres,8,True,False,9,0,11,False
662104,2022-04-12,San Francisco Giants,San Diego Padres,9,True,False,11,0,11,False
662104,2022-04-12,San Francisco Giants,San Diego Padres,8,False,True,9,2,11,True
661993,2022-04-14,Texas Rangers,Los Angeles Angels,8,True,False,8,2,5,False
662237,2022-04-14,San Diego Padres,Atlanta Braves,8,True,False,9,0,11,False
662237,2022-04-14,San Diego Padres,Atlanta Braves,9,True,False,12,1,11,False
662237,2022-04-14,San Diego Padres,Atlanta Braves,8,False,True,9,3,11,False
662485,2022-04-15,New York Mets,Arizona Diamondbacks,9,True,False,9,2,7,False
661267,2022-04-15,Milwaukee Brewers,St. Louis Cardinals,9,False,False,9,0,9,False
662192,2022-04-15,Seattle Mariners,Houston Astros,8,True,False,8,0,10,False
662192,2022-04-15,Seattle Mariners,Houston Astros,9,True,False,10,0,10,False
662192,2022-04-15,Seattle Mariners,Houston Astros,8,False,True,8,2,10,False
661416,2022-04-16,Miami Marlins,Philadelphia Phillies,8,True,True,8,0,7,False
661416,2022-04-16,Miami Marlins,Philadelphia Phillies,8,False,False,8,1,7,False
661415,2022-04-17,Miami Marlins,Philadelphia Phillies,8,True,False,8,1,8,False
661415,2022-04-17,Miami Marlins,Philadelphia Phillies,9,True,False,8,0,8,False
662618,2022-04-17,Los Angeles Dodgers,Cincinnati Reds,9,True,False,8,0,8,False
663094,2022-04-20,Cleveland Guardians,Chicago White Sox,8,True,False,9,0,10,False
663094,2022-04-20,Cleveland Guardians,Chicago White Sox,9,True,False,10,0,10,False
663094,2022-04-20,Cleveland Guardians,Chicago White Sox,8,False,True,9,1,10,False
662560,2022-04-20,Washington Nationals,Arizona Diamondbacks,8,True,True,9,0,9,False
662560,2022-04-20,Washington Nationals,Arizona Diamondbacks,9,True,True,9,0,9,False
662560,2022-04-20,Washington Nationals,Arizona Diamondbacks,8,False,False,9,0,9,False
662560,2022-04-20,Washington Nationals,Arizona Diamondbacks,9,False,False,9,0,9,False
662848,2022-04-23,Detroit Tigers,Colorado Rockies,8,True,False,13,0,13,False
662848,2022-04-23,Detroit Tigers,Colorado Rockies,9,True,False,13,0,13,False
662848,2022-04-23,Detroit Tigers,Colorado Rockies,8,False,True,13,0,13,False
663144,2022-04-23,Chicago Cubs,Pittsburgh Pirates,8,True,False,17,0,21,False
663144,2022-04-23,Chicago Cubs,Pittsburgh Pirates,9,True,False,21,0,21,False
663144,2022-04-23,Chicago Cubs,Pittsburgh Pirates,8,False,True,17,4,21,True
661752,2022-04-23,Minnesota Twins,Chicago White Sox,8,True,False,8,1,7,False
662539,2022-04-24,Washington Nationals,San Francisco Giants,9,False,False,9,0,9,False
661317,2022-04-24,New York Yankees,Cleveland Guardians,8,True,False,8,0,8,False
661317,2022-04-24,New York Yankees,Cleveland Guardians,9,True,False,10,2,8,False
661317,2022-04-24,New York Yankees,Cleveland Guardians,8,False,True,8,2,8,False
662274,2022-04-24,San Diego Padres,Los Angeles Dodgers,8,True,True,8,0,8,False
662274,2022-04-24,San Diego Padres,Los Angeles Dodgers,9,True,True,8,0,8,False
662274,2022-04-24,San Diego Padres,Los Angeles Dodgers,8,False,False,8,0,8,False
662274,2022-04-24,San Diego Padres,Los Angeles Dodgers,9,False,False,8,0,8,False
661567,2022-04-26,Philadelphia Phillies,Colorado Rockies,8,True,False,9,1,7,False
661567,2022-04-26,Philadelphia Phillies,Colorado Rockies,9,True,False,8,1,7,False
661567,2022-04-26,Philadelphia Phillies,Colorado Rockies,8,False,True,8,0,7,False
661305,2022-04-28,New York Yankees,Baltimore Orioles,9,True,False,8,3,5,False
662047,2022-04-28,St. Louis Cardinals,Arizona Diamondbacks,8,True,False,8,2,5,False
661209,2022-04-29,Milwaukee Brewers,Chicago Cubs,8,True,False,8,0,10,False
661209,2022-04-29,Milwaukee Brewers,Chicago Cubs,9,True,False,10,0,10,False
661209,2022-04-29,Milwaukee Brewers,Chicago Cubs,8,False,True,8,2,10,False
663009,2022-04-29,Colorado Rockies,Cincinnati Reds,8,True,False,8,0,6,False
663009,2022-04-29,Colorado Rockies,Cincinnati Reds,9,True,False,9,3,6,False
663009,2022-04-29,Colorado Rockies,Cincinnati Reds,8,False,True,8,1,6,False
661906,2022-04-30,Tampa Bay Rays,Minnesota Twins,9,False,False,8,0,8,False
662081,2022-04-29,San Francisco Giants,Washington Nationals,9,True,True,10,0,10,False
662081,2022-04-29,San Francisco Giants,Washington Nationals,8,False,False,10,0,10,False
662081,2022-04-29,San Francisco Giants,Washington Nationals,9,False,False,10,0,10,False
661208,2022-04-30,Milwaukee Brewers,Chicago Cubs,9,True,False,8,0,8,False
663363,2022-05-01,Baltimore Orioles,Boston Red Sox,8,True,False,8,0,4,False
663363,2022-05-01,Baltimore Orioles,Boston Red Sox,9,True,False,8,4,4,False
663363,2022-05-01,Baltimore Orioles,Boston Red Sox,8,False,True,8,0,4,True
661905,2022-05-01,Tampa Bay Rays,Minnesota Twins,8,False,False,8,2,6,False
663007,2022-05-01,Colorado Rockies,Cincinnati Reds,8,True,False,8,0,9,False
663007,2022-05-01,Colorado Rockies,Cincinnati Reds,9,True,False,9,0,9,False
663007,2022-05-01,Colorado Rockies,Cincinnati Reds,8,False,True,8,1,9,False
661796,2022-05-03,Toronto Blue Jays,New York Yankees,9,False,False,8,0,8,False
662994,2022-05-03,Colorado Rockies,Washington Nationals,8,True,True,8,0,8,False
662994,2022-05-03,Colorado Rockies,Washington Nationals,8,False,False,8,1,8,False
662994,2022-05-03,Colorado Rockies,Washington Nationals,9,False,False,8,0,8,False
662739,2022-05-04,Kansas City Royals,St. Louis Cardinals,9,True,True,8,2,10,False
662739,2022-05-04,Kansas City Royals,St. Louis Cardinals,8,False,False,8,0,10,False
662739,2022-05-04,Kansas City Royals,St. Louis Cardinals,9,False,False,10,0,10,False
662577,2022-05-04,New York Mets,Atlanta Braves,9,True,True,8,0,7,False
662577,2022-05-04,New York Mets,Atlanta Braves,8,False,False,8,0,7,False
662577,2022-05-04,New York Mets,Atlanta Braves,9,False,False,8,1,7,False
661197,2022-05-04,Milwaukee Brewers,Cincinnati Reds,8,True,False,10,0,14,False
661197,2022-05-04,Milwaukee Brewers,Cincinnati Reds,9,True,False,15,1,14,False
661197,2022-05-04,Milwaukee Brewers,Cincinnati Reds,8,False,True,10,5,14,False
662707,2022-05-04,Los Angeles Dodgers,San Francisco Giants,9,True,False,8,0,8,False
663227,2022-05-05,Boston Red Sox,Los Angeles Angels,9,False,False,8,0,8,False
662261,2022-05-07,San Diego Padres,Miami Marlins,9,False,False,8,0,8,False
661550,2022-05-08,Atlanta Braves,Milwaukee Brewers,8,True,False,9,2,7,False
663438,2022-05-09,Los Angeles Angels,Tampa Bay Rays,8,True,False,8,0,8,False
663438,2022-05-09,Los Angeles Angels,Tampa Bay Rays,9,True,False,8,0,8,False
663438,2022-05-09,Los Angeles Angels,Tampa Bay Rays,8,False,True,8,0,8,False
662158,2022-05-09,Seattle Mariners,Philadelphia Phillies,8,True,True,9,0,9,False
662158,2022-05-09,Seattle Mariners,Philadelphia Phillies,9,True,True,9,0,9,False
662158,2022-05-09,Seattle Mariners,Philadelphia Phillies,8,False,False,9,0,9,False
662158,2022-05-09,Seattle Mariners,Philadelphia Phillies,9,False,False,9,0,9,False
662292,2022-05-10,Pittsburgh Pirates,Los Angeles Dodgers,8,True,True,11,0,10,False
662292,2022-05-10,Pittsburgh Pirates,Los Angeles Dodgers,9,True,True,10,0,10,False
662292,2022-05-10,Pittsburgh Pirates,Los Angeles Dodgers,8,False,False,11,1,10,False
662292,2022-05-10,Pittsburgh Pirates,Los Angeles Dodgers,9,False,False,10,0,10,False
663416,2022-05-10,Los Angeles Angels,Tampa Bay Rays,8,True,False,8,0,12,False
663416,2022-05-10,Los Angeles Angels,Tampa Bay Rays,9,True,False,12,0,12,False
663416,2022-05-10,Los Angeles Angels,Tampa Bay Rays,8,False,True,8,4,12,True
662096,2022-05-10,San Francisco Giants,Colorado Rockies,9,True,False,8,1,7,False
663074,2022-05-11,Cincinnati Reds,Milwaukee Brewers,9,True,False,9,6,3,False
662873,2022-05-11,Detroit Tigers,Oakland Athletics,9,False,False,9,0,9,False
663358,2022-05-11,Arizona Diamondbacks,Miami Marlins,9,False,False,8,0,8,False
661702,2022-05-12,Minnesota Twins,Houston Astros,8,True,True,8,0,8,False
661702,2022-05-12,Minnesota Twins,Houston Astros,9,True,True,8,0,8,True
661702,2022-05-12,Minnesota Twins,Houston Astros,8,False,False,8,0,8,False
661702,2022-05-12,Minnesota Twins,Houston Astros,9,False,False,8,0,8,False
662006,2022-05-11,St. Louis Cardinals,Baltimore Orioles,9,True,False,9,0,9,False
661519,2022-05-12,Chicago White Sox,New York Yankees,9,False,False,8,0,8,False
662399,2022-05-14,Oakland Athletics,Los Angeles Angels,8,True,True,8,0,8,False
662399,2022-05-14,Oakland Athletics,Los Angeles Angels,9,True,True,8,0,8,False
662399,2022-05-14,Oakland Athletics,Los Angeles Angels,8,False,False,8,0,8,False
662399,2022-05-14,Oakland Athletics,Los Angeles Angels,9,False,False,8,0,8,False
662547,2022-05-14,Washington Nationals,Houston Astros,8,True,False,9,2,7,False
661147,2022-05-14,Texas Rangers,Boston Red Sox,9,False,False,8,0,8,False
662528,2022-05-15,Washington Nationals,Houston Astros,9,False,False,8,0,8,False
661984,2022-05-15,St. Louis Cardinals,San Francisco Giants,8,True,False,13,0,9,False
661984,2022-05-15,St. Louis Cardinals,San Francisco Giants,9,True,False,13,4,9,True
661984,2022-05-15,St. Louis Cardinals,San Francisco Giants,8,False,True,13,0,9,False
663151,2022-05-16,Chicago Cubs,Pittsburgh Pirates,8,True,False,9,0,9,False
663151,2022-05-16,Chicago Cubs,Pittsburgh Pirates,9,True,False,9,0,9,False
663151,2022-05-16,Chicago Cubs,Pittsburgh Pirates,8,False,True,9,0,9,False
662697,2022-05-17,Los Angeles Dodgers,Arizona Diamondbacks,8,True,False,9,0,9,False
662697,2022-05-17,Los Angeles Dodgers,Arizona Diamondbacks,9,True,False,10,1,9,True
662697,2022-05-17,Los Angeles Dodgers,Arizona Diamondbacks,8,False,True,9,1,9,False
663271,2022-05-17,Boston Red Sox,Houston Astros,8,True,True,9,0,9,False
663271,2022-05-17,Boston Red Sox,Houston Astros,9,True,True,9,0,9,False
663271,2022-05-17,Boston Red Sox,Houston Astros,8,False,False,9,0,9,False
663271,2022-05-17,Boston Red Sox,Houston Astros,9,False,False,9,0,9,False
662377,2022-05-18,Oakland Athletics,Minnesota Twins,8,True,True,8,0,10,False
662377,2022-05-18,Oakland Athletics,Minnesota Twins,8,False,False,8,1,10,False
662377,2022-05-18,Oakland Athletics,Minnesota Twins,9,False,False,10,0,10,False
663001,2022-05-21,Colorado Rockies,New York Mets,8,True,False,8,0,8,False
663001,2022-05-21,Colorado Rockies,New York Mets,9,True,False,8,0,8,False
663001,2022-05-21,Colorado Rockies,New York Mets,8,False,True,8,0,8,False
662479,2022-05-22,Pittsburgh Pirates,St. Louis Cardinals,8,True,True,12,1,14,False
662479,2022-05-22,Pittsburgh Pirates,St. Louis Cardinals,9,True,True,13,5,14,True
662479,2022-05-22,Pittsburgh Pirates,St. Louis Cardinals,8,False,False,13,0,14,False
662479,2022-05-22,Pittsburgh Pirates,St. Louis Cardinals,9,False,False,18,4,14,True
662076,2022-05-22,San Francisco Giants,San Diego Padres,8,True,True,9,0,9,True
662076,2022-05-22,San Francisco Giants,San Diego Padres,9,True,True,9,0,9,False
662076,2022-05-22,San Francisco Giants,San Diego Padres,8,False,False,9,0,9,False
662076,2022-05-22,San Francisco Giants,San Diego Padres,9,False,False,9,0,9,False
662524,2022-05-23,Washington Nationals,Los Angeles Dodgers,8,True,True,10,0,9,False
662524,2022-05-23,Washington Nationals,Los Angeles Dodgers,9,True,True,10,0,9,False
662524,2022-05-23,Washington Nationals,Los Angeles Dodgers,8,False,False,10,0,9,False
662524,2022-05-23,Washington Nationals,Los Angeles Dodgers,9,False,False,10,1,9,False
662075,2022-05-23,San Francisco Giants,New York Mets,9,True,True,8,3,10,True
662075,2022-05-23,San Francisco Giants,New York Mets,8,False,False,8,0,10,False
662075,2022-05-23,San Francisco Giants,New York Mets,9,False,False,11,1,10,False
663103,2022-05-24,Cincinnati Reds,Chicago Cubs,8,True,True,8,0,7,False
663103,2022-05-24,Cincinnati Reds,Chicago Cubs,8,False,False,8,1,7,False
663103,2022-05-24,Cincinnati Reds,Chicago Cubs,9,False,False,8,1,7,False
661488,2022-05-24,Chicago White Sox,Boston Red Sox,8,True,True,13,0,13,False
661488,2022-05-24,Chicago White Sox,Boston Red Sox,9,True,True,13,0,13,False
661488,2022-05-24,Chicago White Sox,Boston Red Sox,8,False,False,13,0,13,False
661488,2022-05-24,Chicago White Sox,Boston Red Sox,9,False,False,13,0,13,False
663081,2022-05-26,Cincinnati Reds,Chicago Cubs,8,True,False,10,0,15,False
663081,2022-05-26,Cincinnati Reds,Chicago Cubs,9,True,False,15,0,15,False
663081,2022-05-26,Cincinnati Reds,Chicago Cubs,8,False,True,10,5,15,True
661486,2022-05-26,Chicago White Sox,Boston Red Sox,8,False,False,9,2,9,False
661486,2022-05-26,Chicago White Sox,Boston Red Sox,9,False,False,9,0,9,False
663338,2022-05-26,Arizona Diamondbacks,Los Angeles Dodgers,8,True,True,9,2,13,False
663338,2022-05-26,Arizona Diamondbacks,Los Angeles Dodgers,9,True,True,11,2,13,True
663338,2022-05-26,Arizona Diamondbacks,Los Angeles Dodgers,8,False,False,11,0,13,False
663338,2022-05-26,Arizona Diamondbacks,Los Angeles Dodgers,9,False,False,13,0,13,True
663299,2022-05-29,Boston Red Sox,Baltimore Orioles,9,True,False,11,1,10,False
661990,2022-05-29,St. Louis Cardinals,Milwaukee Brewers,9,True,True,8,0,8,False
661990,2022-05-29,St. Louis Cardinals,Milwaukee Brewers,8,False,False,8,0,8,False
661990,2022-05-29,St. Louis Cardinals,Milwaukee Brewers,9,False,False,8,0,8,False
663298,2022-05-30,Boston Red Sox,Baltimore Orioles,9,False,False,10,0,10,False
662545,2022-05-30,New York Mets,Washington Nationals,9,True,False,8,0,8,False
661075,2022-05-31,Baltimore Orioles,Seattle Mariners,8,True,True,9,0,10,False
661075,2022-05-31,Baltimore Orioles,Seattle Mariners,9,True,True,9,1,10,True
661075,2022-05-31,Baltimore Orioles,Seattle Mariners,8,False,False,9,0,10,False
661075,2022-05-31,Baltimore Orioles,Seattle Mariners,9,False,False,10,0,10,False
661331,2022-05-31,New York Yankees,Los Angeles Angels,9,True,False,8,0,8,False
662544,2022-05-31,New York Mets,Washington Nationals,8,True,False,10,0,10,False
662544,2022-05-31,New York Mets,Washington Nationals,9,True,False,10,0,10,False
662544,2022-05-31,New York Mets,Washington Nationals,8,False,True,10,0,10,False
662981,2022-06-01,Colorado Rockies,Miami Marlins,8,True,True,14,0,13,False
662981,2022-06-01,Colorado Rockies,Miami Marlins,9,True,True,14,0,13,True
662981,2022-06-01,Colorado Rockies,Miami Marlins,8,False,False,14,0,13,False
662981,2022-06-01,Colorado Rockies,Miami Marlins,9,False,False,14,1,13,False
661318,2022-06-03,New York Yankees,Detroit Tigers,8,True,False,12,0,13,False
661318,2022-06-03,New York Yankees,Detroit Tigers,9,True,False,13,0,13,False
661318,2022-06-03,New York Yankees,Detroit Tigers,8,False,True,12,1,13,True
663153,2022-06-03,Chicago Cubs,St. Louis Cardinals,9,False,False,9,0,9,False
661642,2022-06-03,Philadelphia Phillies,Los Angeles Angels,8,True,False,10,0,10,False
661642,2022-06-03,Philadelphia Phillies,Los Angeles Angels,9,True,False,10,0,10,False
661642,2022-06-03,Philadelphia Phillies,Los Angeles Angels,8,False,True,10,0,10,False
661749,2022-06-04,Toronto Blue Jays,Minnesota Twins,9,True,False,10,1,9,False
662364,2022-06-04,Oakland Athletics,Boston Red Sox,9,True,True,8,0,8,False
662364,2022-06-04,Oakland Athletics,Boston Red Sox,8,False,False,8,0,8,False
662364,2022-06-04,Oakland Athletics,Boston Red Sox,9,False,False,8,0,8,False
662613,2022-06-06,Kansas City Royals,Toronto Blue Jays,9,True,True,8,0,8,False
662613,2022-06-06,Kansas City Royals,Toronto Blue Jays,8,False,False,8,0,8,False
662613,2022-06-06,Kansas City Royals,Toronto Blue Jays,9,False,False,8,0,8,False
661169,2022-06-07,Miami Marlins,Washington Nationals,8,True,False,11,1,10,False
661169,2022-06-07,Miami Marlins,Washington Nationals,9,True,False,10,0,10,False
661169,2022-06-07,Miami Marlins,Washington Nationals,8,False,True,10,0,10,False
663064,2022-06-07,Cincinnati Reds,Arizona Diamondbacks,8,True,False,9,5,6,False
663064,2022-06-07,Cincinnati Reds,Arizona Diamondbacks,9,True,False,9,3,6,False
661892,2022-06-08,Tampa Bay Rays,St. Louis Cardinals,8,True,False,8,0,8,False
661892,2022-06-08,Tampa Bay Rays,St. Louis Cardinals,9,True,False,8,0,8,False
661892,2022-06-08,Tampa Bay Rays,St. Louis Cardinals,8,False,True,8,0,8,True
662223,2022-06-08,San Diego Padres,New York Mets,8,True,False,11,0,11,False
662223,2022-06-08,San Diego Padres,New York Mets,9,True,False,11,0,11,False
662223,2022-06-08,San Diego Padres,New York Mets,8,False,True,11,0,11,False
661515,2022-06-08,Atlanta Braves,Oakland Athletics,8,True,False,11,0,11,False
661515,2022-06-08,Atlanta Braves,Oakland Athletics,9,True,False,11,0,11,False
661515,2022-06-08,Atlanta Braves,Oakland Athletics,8,False,True,11,0,11,True
661188,2022-06-08,Milwaukee Brewers,Philadelphia Phillies,9,False,False,10,0,10,False
662676,2022-06-10,Kansas City Royals,Baltimore Orioles,8,True,False,8,0,7,False
662676,2022-06-10,Kansas City Royals,Baltimore Orioles,9,True,False,8,1,7,False
662676,2022-06-10,Kansas City Royals,Baltimore Orioles,8,False,True,8,0,7,False
662275,2022-06-10,San Diego Padres,Colorado Rockies,8,True,False,9,0,9,False
662275,2022-06-10,San Diego Padres,Colorado Rockies,9,True,False,9,0,9,False
662275,2022-06-10,San Diego Padres,Colorado Rockies,8,False,True,9,0,9,False
662831,2022-06-10,Detroit Tigers,Toronto Blue Jays,8,True,True,10,0,9,False
662831,2022-06-10,Detroit Tigers,Toronto Blue Jays,9,True,True,9,0,9,False
662831,2022-06-10,Detroit Tigers,Toronto Blue Jays,8,False,False,10,1,9,False
662831,2022-06-10,Detroit Tigers,Toronto Blue Jays,9,False,False,9,0,9,False
663412,2022-06-11,Los Angeles Angels,New York Mets,8,True,False,8,1,5,False
663412,2022-06-11,Los Angeles Angels,New York Mets,9,True,False,9,4,5,False
661622,2022-06-12,Philadelphia Phillies,Arizona Diamondbacks,8,True,True,9,2,12,False
661622,2022-06-12,Philadelphia Phillies,Arizona Diamondbacks,9,True,True,11,1,12,True
661622,2022-06-12,Philadelphia Phillies,Arizona Diamondbacks,8,False,False,11,0,12,False
661622,2022-06-12,Philadelphia Phillies,Arizona Diamondbacks,9,False,False,12,0,12,False
661270,2022-06-12,New York Yankees,Chicago Cubs,8,True,False,13,0,14,False
661270,2022-06-12,New York Yankees,Chicago Cubs,9,True,False,14,0,14,False
661270,2022-06-12,New York Yankees,Chicago Cubs,8,False,True,13,1,14,True
661276,2022-06-11,New York Yankees,Chicago Cubs,8,True,False,8,0,8,False
661276,2022-06-11,New York Yankees,Chicago Cubs,9,True,False,8,0,8,False
661276,2022-06-11,New York Yankees,Chicago Cubs,8,False,True,8,0,8,False
661746,2022-06-13,Toronto Blue Jays,Baltimore Orioles,8,True,False,9,0,10,False
661746,2022-06-13,Toronto Blue Jays,Baltimore Orioles,9,True,False,10,0,10,False
661746,2022-06-13,Toronto Blue Jays,Baltimore Orioles,8,False,True,9,1,10,False
661973,2022-06-14,St. Louis Cardinals,Pittsburgh Pirates,8,True,False,8,0,8,False
661973,2022-06-14,St. Louis Cardinals,Pittsburgh Pirates,9,True,False,8,0,8,False
661973,2022-06-14,St. Louis Cardinals,Pittsburgh Pirates,8,False,True,8,0,8,False
662883,2022-06-15,Detroit Tigers,Chicago White Sox,8,True,True,11,1,13,True
662883,2022-06-15,Detroit Tigers,Chicago White Sox,9,True,True,12,1,13,True
662883,2022-06-15,Detroit Tigers,Chicago White Sox,8,False,False,12,0,13,False
662883,2022-06-15,Detroit Tigers,Chicago White Sox,9,False,False,13,0,13,False
663235,2022-06-15,Boston Red Sox,Oakland Athletics,9,True,False,9,0,9,False
662480,2022-06-15,New York Mets,Milwaukee Brewers,8,True,True,8,0,8,False
662480,2022-06-15,New York Mets,Milwaukee Brewers,9,True,True,8,0,8,False
662480,2022-06-15,New York Mets,Milwaukee Brewers,8,False,False,8,0,8,False
662480,2022-06-15,New York Mets,Milwaukee Brewers,9,False,False,8,0,8,False
661743,2022-06-16,Toronto Blue Jays,Baltimore Orioles,8,True,True,8,1,8,False
661743,2022-06-16,Toronto Blue Jays,Baltimore Orioles,9,True,True,8,0,8,False
661743,2022-06-16,Toronto Blue Jays,Baltimore Orioles,8,False,False,9,1,8,False
661743,2022-06-16,Toronto Blue Jays,Baltimore Orioles,9,False,False,8,0,8,False
663155,2022-06-15,Chicago Cubs,San Diego Padres,8,True,True,11,0,14,False
663155,2022-06-15,Chicago Cubs,San Diego Padres,9,True,True,11,3,14,True
663155,2022-06-15,Chicago Cubs,San Diego Padres,8,False,False,11,0,14,False
663155,2022-06-15,Chicago Cubs,San Diego Padres,9,False,False,14,0,14,False
662501,2022-06-16,Washington Nationals,Philadelphia Phillies,8,True,True,8,1,9,False
662501,2022-06-16,Washington Nationals,Philadelphia Phillies,9,True,True,9,0,9,True
662501,2022-06-16,Washington Nationals,Philadelphia Phillies,8,False,False,9,0,9,False
662501,2022-06-16,Washington Nationals,Philadelphia Phillies,9,False,False,9,0,9,False
662757,2022-06-17,Houston Astros,Chicago White Sox,8,True,False,10,0,10,False
662757,2022-06-17,Houston Astros,Chicago White Sox,9,True,False,10,0,10,False
662757,2022-06-17,Houston Astros,Chicago White Sox,8,False,True,10,0,10,False
661742,2022-06-17,Toronto Blue Jays,New York Yankees,9,False,False,9,0,9,False
662171,2022-06-17,Seattle Mariners,Los Angeles Angels,8,True,False,8,1,7,False
662802,2022-06-18,Detroit Tigers,Texas Rangers,8,True,False,10,0,7,False
662802,2022-06-18,Detroit Tigers,Texas Rangers,9,True,False,10,3,7,False
662802,2022-06-18,Detroit Tigers,Texas Rangers,8,False,True,10,0,7,False
663351,2022-06-18,Arizona Diamondbacks,Minnesota Twins,8,True,True,10,0,10,False
663351,2022-06-18,Arizona Diamondbacks,Minnesota Twins,9,True,True,10,0,10,True
663351,2022-06-18,Arizona Diamondbacks,Minnesota Twins,8,False,False,10,0,10,False
663351,2022-06-18,Arizona Diamondbacks,Minnesota Twins,9,False,False,10,0,10,False
663255,2022-06-18,Boston Red Sox,St. Louis Cardinals,8,True,True,8,0,9,False
663255,2022-06-18,Boston Red Sox,St. Louis Cardinals,9,True,True,8,1,9,False
663255,2022-06-18,Boston Red Sox,St. Louis Cardinals,8,False,False,8,0,9,False
663255,2022-06-18,Boston Red Sox,St. Louis Cardinals,9,False,False,9,0,9,False
661121,2022-06-20,Pittsburgh Pirates,Chicago Cubs,8,True,False,11,0,11,False
661121,2022-06-20,Pittsburgh Pirates,Chicago Cubs,9,True,False,11,0,11,False
661121,2022-06-20,Pittsburgh Pirates,Chicago Cubs,8,False,True,11,0,11,False
661107,2022-06-22,Pittsburgh Pirates,Chicago Cubs,8,True,True,9,0,9,False
661107,2022-06-22,Pittsburgh Pirates,Chicago Cubs,9,True,True,9,4,9,True
661107,2022-06-22,Pittsburgh Pirates,Chicago Cubs,8,False,False,9,0,9,False
661107,2022-06-22,Pittsburgh Pirates,Chicago Cubs,9,False,False,13,4,9,False
662359,2022-06-22,Oakland Athletics,Seattle Mariners,8,True,True,9,0,9,False
662359,2022-06-22,Oakland Athletics,Seattle Mariners,9,True,True,9,0,9,True
662359,2022-06-22,Oakland Athletics,Seattle Mariners,8,False,False,9,0,9,False
662359,2022-06-22,Oakland Athletics,Seattle Mariners,9,False,False,9,0,9,False
662083,2022-06-25,San Francisco Giants,Cincinnati Reds,8,True,False,8,1,7,False
663016,2022-06-27,Cleveland Guardians,Minnesota Twins,8,True,True,9,0,10,False
663016,2022-06-27,Cleveland Guardians,Minnesota Twins,9,True,True,9,2,10,True
663016,2022-06-27,Cleveland Guardians,Minnesota Twins,8,False,False,9,0,10,False
663016,2022-06-27,Cleveland Guardians,Minnesota Twins,9,False,False,11,1,10,False
661968,2022-06-27,St. Louis Cardinals,Miami Marlins,9,True,False,9,0,9,False
662521,2022-06-28,New York Mets,Houston Astros,8,True,True,9,0,8,False
662521,2022-06-28,New York Mets,Houston Astros,9,True,True,9,0,8,False
662521,2022-06-28,New York Mets,Houston Astros,8,False,False,9,0,8,False
662521,2022-06-28,New York Mets,Houston Astros,9,False,False,9,1,8,False
661579,2022-06-30,Philadelphia Phillies,Atlanta Braves,8,True,False,8,0,10,False
661579,2022-06-30,Philadelphia Phillies,Atlanta Braves,9,True,False,10,0,10,False
661579,2022-06-30,Philadelphia Phillies,Atlanta Braves,8,False,True,8,2,10,True
663199,2022-06-30,Chicago Cubs,Cincinnati Reds,8,True,False,8,2,8,False
663199,2022-06-30,Chicago Cubs,Cincinnati Reds,9,True,False,11,3,8,False
663038,2022-07-01,Cincinnati Reds,Atlanta Braves,9,False,False,8,0,8,False
661104,2022-07-01,Pittsburgh Pirates,Milwaukee Brewers,8,True,True,8,8,17,False
661104,2022-07-01,Pittsburgh Pirates,Milwaukee Brewers,9,True,True,15,2,17,True
661104,2022-07-01,Pittsburgh Pirates,Milwaukee Brewers,8,False,False,16,1,17,False
661104,2022-07-01,Pittsburgh Pirates,Milwaukee Brewers,9,False,False,17,0,17,True
662964,2022-07-02,Cleveland Guardians,New York Yankees,9,False,False,9,0,9,False
662890,2022-07-02,Houston Astros,Los Angeles Angels,8,True,False,8,0,8,False
662890,2022-07-02,Houston Astros,Los Angeles Angels,9,True,False,8,0,8,False
662890,2022-07-02,Houston Astros,Los Angeles Angels,8,False,True,8,0,8,False
662099,2022-07-03,San Francisco Giants,Chicago White Sox,9,True,True,10,2,9,True
662099,2022-07-03,San Francisco Giants,Chicago White Sox,8,False,False,10,0,9,False
662099,2022-07-03,San Francisco Giants,Chicago White Sox,9,False,False,12,3,9,False
662270,2022-07-04,San Diego Padres,Seattle Mariners,9,True,True,8,0,6,False
662270,2022-07-04,San Diego Padres,Seattle Mariners,8,False,False,8,0,6,False
662270,2022-07-04,San Diego Padres,Seattle Mariners,9,False,False,8,2,6,False
661578,2022-07-05,Philadelphia Phillies,Washington Nationals,8,True,False,11,0,11,False
661578,2022-07-05,Philadelphia Phillies,Washington Nationals,9,True,False,11,0,11,False
661578,2022-07-05,Philadelphia Phillies,Washington Nationals,8,False,True,11,0,11,True
662905,2022-07-05,Detroit Tigers,Cleveland Guardians,8,True,False,9,1,7,False
662905,2022-07-05,Detroit Tigers,Cleveland Guardians,9,True,False,8,1,7,True
662905,2022-07-05,Detroit Tigers,Cleveland Guardians,8,False,True,8,0,7,False
662328,2022-07-06,Pittsburgh Pirates,New York Yankees,9,True,True,10,6,16,True
662328,2022-07-06,Pittsburgh Pirates,New York Yankees,8,False,False,10,0,16,False
662328,2022-07-06,Pittsburgh Pirates,New York Yankees,9,False,False,16,0,16,False
662508,2022-07-07,New York Mets,Miami Marlins,8,True,False,10,0,10,False
662508,2022-07-07,New York Mets,Miami Marlins,9,True,False,10,0,10,False
662508,2022-07-07,New York Mets,Miami Marlins,8,False,True,10,0,10,False
661522,2022-07-08,Atlanta Braves,Washington Nationals,9,True,False,10,0,10,False
661411,2022-07-09,Chicago White Sox,Detroit Tigers,8,True,False,8,0,8,False
661411,2022-07-09,Chicago White Sox,Detroit Tigers,9,True,False,8,0,8,False
661411,2022-07-09,Chicago White Sox,Detroit Tigers,8,False,True,8,0,8,True
662663,2022-07-09,Kansas City Royals,Cleveland Guardians,8,True,True,10,0,12,True
662663,2022-07-09,Kansas City Royals,Cleveland Guardians,9,True,True,10,2,12,False
662663,2022-07-09,Kansas City Royals,Cleveland Guardians,8,False,False,10,0,12,False
662663,2022-07-09,Kansas City Royals,Cleveland Guardians,9,False,False,12,0,12,False
662198,2022-07-10,San Diego Padres,San Francisco Giants,8,True,True,10,1,12,False
662198,2022-07-10,San Diego Padres,San Francisco Giants,9,True,True,11,1,12,True
662198,2022-07-10,San Diego Padres,San Francisco Giants,8,False,False,11,0,12,False
662198,2022-07-10,San Diego Padres,San Francisco Giants,9,False,False,12,0,12,False
661814,2022-07-11,Texas Rangers,Oakland Athletics,8,True,False,8,6,2,False
661813,2022-07-12,Texas Rangers,Oakland Athletics,12,False,False,8,1,7,False
662108,2022-07-12,San Francisco Giants,Arizona Diamondbacks,8,True,False,10,0,13,False
662108,2022-07-12,San Francisco Giants,Arizona Diamondbacks,9,True,False,13,0,13,True
662108,2022-07-12,San Francisco Giants,Arizona Diamondbacks,8,False,True,10,3,13,True
661101,2022-07-14,Chicago Cubs,New York Mets,9,True,True,8,0,8,False
661101,2022-07-14,Chicago Cubs,New York Mets,8,False,False,8,0,8,False
661101,2022-07-14,Chicago Cubs,New York Mets,9,False,False,8,0,8,False
661675,2022-07-14,Minnesota Twins,Chicago White Sox,8,True,True,8,0,10,False
661675,2022-07-14,Minnesota Twins,Chicago White Sox,9,True,True,8,3,10,True
661675,2022-07-14,Minnesota Twins,Chicago White Sox,8,False,False,8,0,10,False
661675,2022-07-14,Minnesota Twins,Chicago White Sox,9,False,False,11,1,10,False
663385,2022-07-15,Los Angeles Angels,Los Angeles Dodgers,8,True,True,8,1,8,False
663385,2022-07-15,Los Angeles Angels,Los Angeles Dodgers,9,True,True,9,0,8,False
663385,2022-07-15,Los Angeles Angels,Los Angeles Dodgers,8,False,False,9,0,8,False
663385,2022-07-15,Los Angeles Angels,Los Angeles Dodgers,9,False,False,9,1,8,False
661113,2022-07-15,Colorado Rockies,Pittsburgh Pirates,8,True,False,9,0,11,False
661113,2022-07-15,Colorado Rockies,Pittsburgh Pirates,9,True,False,11,0,11,False
661113,2022-07-15,Colorado Rockies,Pittsburgh Pirates,8,False,True,9,2,11,False
661966,2022-07-16,St. Louis Cardinals,Cincinnati Reds,9,True,False,8,0,8,False
662952,2022-07-16,Cleveland Guardians,Detroit Tigers,8,True,False,10,0,10,False
662952,2022-07-16,Cleveland Guardians,Detroit Tigers,9,True,False,10,0,10,False
662952,2022-07-16,Cleveland Guardians,Detroit Tigers,8,False,True,10,0,10,True
661359,2022-07-16,Miami Marlins,Philadelphia Phillies,9,True,True,10,0,10,False
661359,2022-07-16,Miami Marlins,Philadelphia Phillies,8,False,False,10,0,10,False
661359,2022-07-16,Miami Marlins,Philadelphia Phillies,9,False,False,10,0,10,False
661259,2022-07-16,New York Yankees,Boston Red Sox,8,True,False,9,0,13,False
661259,2022-07-16,New York Yankees,Boston Red Sox,9,True,False,13,0,13,False
661259,2022-07-16,New York Yankees,Boston Red Sox,8,False,True,9,4,13,False
661672,2022-07-17,Minnesota Twins,Chicago White Sox,8,True,True,10,0,11,False
661672,2022-07-17,Minnesota Twins,Chicago White Sox,9,True,True,10,1,11,False
661672,2022-07-17,Minnesota Twins,Chicago White Sox,8,False,False,10,0,11,False
661672,2022-07-17,Minnesota Twins,Chicago White Sox,9,False,False,11,0,11,False
661258,2022-07-17,New York Yankees,Boston Red Sox,8,True,False,11,0,11,False
661258,2022-07-17,New York Yankees,Boston Red Sox,9,True,False,11,0,11,False
661258,2022-07-17,New York Yankees,Boston Red Sox,8,False,True,11,0,11,False
661421,2022-07-21,Miami Marlins,Texas Rangers,9,False,False,8,0,8,False
661560,2022-07-22,Philadelphia Phillies,Chicago Cubs,9,True,True,9,5,13,True
661560,2022-07-22,Philadelphia Phillies,Chicago Cubs,8,False,False,9,0,13,False
661560,2022-07-22,Philadelphia Phillies,Chicago Cubs,9,False,False,14,1,13,False
661504,2022-07-22,Atlanta Braves,Los Angeles Angels,9,True,False,8,1,7,False
663222,2022-07-22,Boston Red Sox,Toronto Blue Jays,8,True,True,22,0,23,False
663222,2022-07-22,Boston Red Sox,Toronto Blue Jays,9,True,True,22,1,23,True
663222,2022-07-22,Boston Red Sox,Toronto Blue Jays,8,False,False,22,0,23,False
663222,2022-07-22,Boston Red Sox,Toronto Blue Jays,9,False,False,23,0,23,False
663306,2022-07-22,Arizona Diamondbacks,Washington Nationals,9,True,False,10,1,9,False
661201,2022-07-23,Milwaukee Brewers,Colorado Rockies,9,True,False,8,3,5,False
661502,2022-07-24,Atlanta Braves,Los Angeles Angels,9,True,True,8,0,8,False
661502,2022-07-24,Atlanta Braves,Los Angeles Angels,8,False,False,8,0,8,False
661502,2022-07-24,Atlanta Braves,Los Angeles Angels,9,False,False,8,0,8,False
662901,2022-07-24,Detroit Tigers,Minnesota Twins,9,False,False,8,0,8,False
662343,2022-07-24,Oakland Athletics,Texas Rangers,8,True,True,10,0,3,False
662343,2022-07-24,Oakland Athletics,Texas Rangers,8,False,False,10,4,3,False
663046,2022-07-25,Cincinnati Reds,Miami Marlins,8,True,False,9,0,9,False
663046,2022-07-25,Cincinnati Reds,Miami Marlins,9,True,False,9,0,9,False
663046,2022-07-25,Cincinnati Reds,Miami Marlins,8,False,True,9,0,9,True
662809,2022-07-25,Detroit Tigers,San Diego Padres,8,True,False,8,0,8,False
662809,2022-07-25,Detroit Tigers,San Diego Padres,9,True,False,8,0,8,False
662809,2022-07-25,Detroit Tigers,San Diego Padres,8,False,True,8,0,8,False
661077,2022-07-28,Colorado Rockies,Los Angeles Dodgers,8,True,True,13,0,13,False
661077,2022-07-28,Colorado Rockies,Los Angeles Dodgers,9,True,True,13,0,13,True
661077,2022-07-28,Colorado Rockies,Los Angeles Dodgers,8,False,False,13,0,13,False
661077,2022-07-28,Colorado Rockies,Los Angeles Dodgers,9,False,False,13,0,13,True
662745,2022-07-29,Houston Astros,Seattle Mariners,8,True,False,10,1,10,False
662745,2022-07-29,Houston Astros,Seattle Mariners,9,True,False,10,0,10,False
662745,2022-07-29,Houston Astros,Seattle Mariners,8,False,True,9,1,10,True
662268,2022-07-29,San Diego Padres,Minnesota Twins,8,True,False,9,0,9,False
662268,2022-07-29,San Diego Padres,Minnesota Twins,9,True,False,9,0,9,False
662268,2022-07-29,San Diego Padres,Minnesota Twins,8,False,True,9,0,9,True
662250,2022-08-02,San Diego Padres,Colorado Rockies,9,True,False,8,0,8,False
661496,2022-08-02,Atlanta Braves,Philadelphia Phillies,8,True,False,9,0,12,False
661496,2022-08-02,Atlanta Braves,Philadelphia Phillies,9,True,False,12,0,12,False
661496,2022-08-02,Atlanta Braves,Philadelphia Phillies,8,False,True,9,3,12,False
662244,2022-08-03,San Diego Padres,Colorado Rockies,8,True,False,8,0,8,False
662244,2022-08-03,San Diego Padres,Colorado Rockies,9,True,False,8,0,8,False
662244,2022-08-03,San Diego Padres,Colorado Rockies,8,False,True,8,0,8,False
662552,2022-08-03,Washington Nationals,New York Mets,8,True,True,8,0,4,False
662552,2022-08-03,Washington Nationals,New York Mets,9,True,True,8,1,4,False
662552,2022-08-03,Washington Nationals,New York Mets,8,False,False,8,0,4,False
662552,2022-08-03,Washington Nationals,New York Mets,9,False,False,9,5,4,False
662564,2022-08-05,Los Angeles Dodgers,San Diego Padres,8,True,False,8,0,7,False
662564,2022-08-05,Los Angeles Dodgers,San Diego Padres,9,True,False,8,1,7,False
662564,2022-08-05,Los Angeles Dodgers,San Diego Padres,8,False,True,8,0,7,True
661815,2022-08-06,Texas Rangers,Chicago White Sox,8,True,False,8,0,8,False
661815,2022-08-06,Texas Rangers,Chicago White Sox,9,True,False,8,0,8,False
661815,2022-08-06,Texas Rangers,Chicago White Sox,8,False,True,8,0,8,False
662856,2022-08-06,Detroit Tigers,Tampa Bay Rays,9,True,False,8,0,8,False
661558,2022-08-07,Philadelphia Phillies,Washington Nationals,9,True,False,12,0,12,False
662648,2022-08-07,Kansas City Royals,Boston Red Sox,9,True,False,10,2,8,False
662979,2022-08-09,Colorado Rockies,St. Louis Cardinals,8,True,False,11,0,11,False
662979,2022-08-09,Colorado Rockies,St. Louis Cardinals,9,True,False,11,0,11,False
662979,2022-08-09,Colorado Rockies,St. Louis Cardinals,8,False,True,11,0,11,False
662443,2022-08-10,New York Mets,Cincinnati Reds,8,True,False,8,0,8,False
662443,2022-08-10,New York Mets,Cincinnati Reds,9,True,False,8,0,8,False
662443,2022-08-10,New York Mets,Cincinnati Reds,8,False,True,8,0,8,False
662551,2022-08-12,Washington Nationals,San Diego Padres,9,True,True,8,0,5,False
662551,2022-08-12,Washington Nationals,San Diego Padres,8,False,False,8,0,5,False
662551,2022-08-12,Washington Nationals,San Diego Padres,9,False,False,8,3,5,False
661710,2022-08-12,Toronto Blue Jays,Cleveland Guardians,8,True,True,8,0,8,False
661710,2022-08-12,Toronto Blue Jays,Cleveland Guardians,9,True,True,8,0,8,False
661710,2022-08-12,Toronto Blue Jays,Cleveland Guardians,8,False,False,8,0,8,False
661710,2022-08-12,Toronto Blue Jays,Cleveland Guardians,9,False,False,8,0,8,False
662670,2022-08-13,Kansas City Royals,Los Angeles Dodgers,8,True,True,8,0,10,False
662670,2022-08-13,Kansas City Royals,Los Angeles Dodgers,9,True,True,8,2,10,True
662670,2022-08-13,Kansas City Royals,Los Angeles Dodgers,8,False,False,8,0,10,False
662670,2022-08-13,Kansas City Royals,Los Angeles Dodgers,9,False,False,10,0,10,True
662824,2022-08-13,Houston Astros,Oakland Athletics,8,True,False,8,0,8,False
662824,2022-08-13,Houston Astros,Oakland Athletics,9,True,False,8,0,8,False
662824,2022-08-13,Houston Astros,Oakland Athletics,8,False,True,8,0,8,False
661497,2022-08-15,Atlanta Braves,New York Mets,8,True,False,12,0,12,False
661497,2022-08-15,Atlanta Braves,New York Mets,9,True,False,12,0,12,False
661497,2022-08-15,Atlanta Braves,New York Mets,8,False,True,12,0,12,False
663019,2022-08-16,Cincinnati Reds,Philadelphia Phillies,9,False,False,8,1,7,False
661682,2022-08-16,Minnesota Twins,Kansas City Royals,9,True,False,9,0,9,False
661937,2022-08-18,St. Louis Cardinals,Colorado Rockies,8,True,False,13,0,13,False
661937,2022-08-18,St. Louis Cardinals,Colorado Rockies,9,True,False,13,0,13,False
661937,2022-08-18,St. Louis Cardinals,Colorado Rockies,8,False,True,13,0,13,False
661446,2022-08-18,Chicago White Sox,Houston Astros,8,True,True,8,4,16,False
661446,2022-08-18,Chicago White Sox,Houston Astros,9,True,True,12,4,16,True
661446,2022-08-18,Chicago White Sox,Houston Astros,8,False,False,12,0,16,False
661446,2022-08-18,Chicago White Sox,Houston Astros,9,False,False,16,0,16,False
662413,2022-08-18,Pittsburgh Pirates,Boston Red Sox,8,True,False,8,2,6,False
662341,2022-08-19,Oakland Athletics,Seattle Mariners,9,True,True,8,0,8,False
662341,2022-08-19,Oakland Athletics,Seattle Mariners,8,False,False,8,0,8,False
662341,2022-08-19,Oakland Athletics,Seattle Mariners,9,False,False,8,0,8,False
662395,2022-08-20,Pittsburgh Pirates,Cincinnati Reds,9,False,False,9,0,9,False
663291,2022-08-20,Arizona Diamondbacks,St. Louis Cardinals,9,False,False,9,0,9,False
663113,2022-08-23,Chicago Cubs,St. Louis Cardinals,9,False,False,10,0,10,False
661858,2022-08-23,Tampa Bay Rays,Los Angeles Angels,8,True,False,8,0,10,False
661858,2022-08-23,Tampa Bay Rays,Los Angeles Angels,9,True,False,10,0,10,True
661858,2022-08-23,Tampa Bay Rays,Los Angeles Angels,8,False,True,8,2,10,False
662877,2022-08-24,Colorado Rockies,Texas Rangers,9,True,True,8,4,12,False
662877,2022-08-24,Colorado Rockies,Texas Rangers,8,False,False,8,0,12,False
662877,2022-08-24,Colorado Rockies,Texas Rangers,9,False,False,12,0,12,False
662605,2022-08-23,Los Angeles Dodgers,Milwaukee Brewers,9,True,False,9,0,9,True
662371,2022-08-24,Pittsburgh Pirates,Atlanta Braves,9,True,True,14,0,12,False
662371,2022-08-24,Pittsburgh Pirates,Atlanta Braves,8,False,False,14,0,12,False
662371,2022-08-24,Pittsburgh Pirates,Atlanta Braves,9,False,False,14,2,12,False
662604,2022-08-24,Los Angeles Dodgers,Milwaukee Brewers,8,True,False,8,0,6,False
662604,2022-08-24,Los Angeles Dodgers,Milwaukee Brewers,9,True,False,8,2,6,True
662604,2022-08-24,Los Angeles Dodgers,Milwaukee Brewers,8,False,True,8,0,6,True
662337,2022-08-25,Oakland Athletics,New York Yankees,8,True,True,9,0,9,False
662337,2022-08-25,Oakland Athletics,New York Yankees,9,True,True,9,0,9,False
662337,2022-08-25,Oakland Athletics,New York Yankees,8,False,False,9,0,9,False
662337,2022-08-25,Oakland Athletics,New York Yankees,9,False,False,9,0,9,False
661704,2022-08-26,Toronto Blue Jays,Los Angeles Angels,8,True,True,8,2,12,False
661704,2022-08-26,Toronto Blue Jays,Los Angeles Angels,9,True,True,10,2,12,True
661704,2022-08-26,Toronto Blue Jays,Los Angeles Angels,8,False,False,10,0,12,False
661704,2022-08-26,Toronto Blue Jays,Los Angeles Angels,9,False,False,12,0,12,False
661669,2022-08-26,Minnesota Twins,San Francisco Giants,8,True,False,8,0,9,False
661669,2022-08-26,Minnesota Twins,San Francisco Giants,9,True,False,9,0,9,False
661669,2022-08-26,Minnesota Twins,San Francisco Giants,8,False,True,8,1,9,True
662667,2022-08-26,Kansas City Royals,San Diego Padres,9,False,False,8,0,8,False
661940,2022-08-26,St. Louis Cardinals,Atlanta Braves,9,False,False,10,3,7,False
661785,2022-08-27,Texas Rangers,Detroit Tigers,9,False,False,10,1,9,False
663211,2022-08-28,Boston Red Sox,Tampa Bay Rays,9,True,True,8,0,8,False
663211,2022-08-28,Boston Red Sox,Tampa Bay Rays,8,False,False,8,0,8,False
663211,2022-08-28,Boston Red Sox,Tampa Bay Rays,9,False,False,8,0,8,True
662638,2022-08-28,Kansas City Royals,San Diego Padres,9,True,False,9,1,8,False
663018,2022-08-29,Cincinnati Reds,St. Louis Cardinals,8,True,True,8,0,9,False
663018,2022-08-29,Cincinnati Reds,St. Louis Cardinals,9,True,True,8,1,9,True
663018,2022-08-29,Cincinnati Reds,St. Louis Cardinals,8,False,False,8,0,9,False
663018,2022-08-29,Cincinnati Reds,St. Louis Cardinals,9,False,False,9,0,9,False
662804,2022-08-30,Detroit Tigers,Seattle Mariners,8,True,True,9,0,6,False
662804,2022-08-30,Detroit Tigers,Seattle Mariners,8,False,False,9,2,6,False
663286,2022-08-30,Arizona Diamondbacks,Philadelphia Phillies,8,True,False,9,3,9,False
663286,2022-08-30,Arizona Diamondbacks,Philadelphia Phillies,9,True,False,9,0,9,False
663312,2022-08-31,Arizona Diamondbacks,Philadelphia Phillies,8,True,True,10,7,16,False
663312,2022-08-31,Arizona Diamondbacks,Philadelphia Phillies,9,True,True,17,0,16,False
663312,2022-08-31,Arizona Diamondbacks,Philadelphia Phillies,8,False,False,17,0,16,False
663312,2022-08-31,Arizona Diamondbacks,Philadelphia Phillies,9,False,False,17,1,16,False
663212,2022-09-02,Boston Red Sox,Texas Rangers,8,True,False,8,0,8,False
663212,2022-09-02,Boston Red Sox,Texas Rangers,9,True,False,8,0,8,False
663212,2022-09-02,Boston Red Sox,Texas Rangers,8,False,True,8,0,8,True
661855,2022-09-02,Tampa Bay Rays,New York Yankees,9,True,False,9,0,9,False
662803,2022-09-03,Detroit Tigers,Kansas City Royals,8,True,True,10,0,10,False
662803,2022-09-03,Detroit Tigers,Kansas City Royals,9,True,True,10,0,10,True
662803,2022-09-03,Detroit Tigers,Kansas City Royals,8,False,False,10,0,10,False
662803,2022-09-03,Detroit Tigers,Kansas City Royals,9,False,False,10,0,10,False
661920,2022-09-02,St. Louis Cardinals,Chicago Cubs,9,True,False,8,0,8,False
662032,2022-09-02,San Francisco Giants,Philadelphia Phillies,8,True,False,12,0,12,False
662032,2022-09-02,San Francisco Giants,Philadelphia Phillies,9,True,False,13,1,12,True
662032,2022-09-02,San Francisco Giants,Philadelphia Phillies,8,False,True,12,1,12,True
661438,2022-09-03,Chicago White Sox,Minnesota Twins,9,True,False,13,0,13,False
662597,2022-09-03,Los Angeles Dodgers,San Diego Padres,8,True,False,11,0,11,False
662597,2022-09-03,Los Angeles Dodgers,San Diego Padres,9,True,False,11,0,11,True
662597,2022-09-03,Los Angeles Dodgers,San Diego Padres,8,False,True,11,0,11,True
663108,2022-09-04,Cincinnati Reds,Colorado Rockies,8,True,False,10,0,10,False
663108,2022-09-04,Cincinnati Reds,Colorado Rockies,9,True,False,10,0,10,False
663108,2022-09-04,Cincinnati Reds,Colorado Rockies,8,False,True,10,0,10,False
663435,2022-09-04,Los Angeles Angels,Houston Astros,9,False,False,8,0,8,False
663434,2022-09-05,Los Angeles Angels,Detroit Tigers,8,True,False,9,0,10,False
663434,2022-09-05,Los Angeles Angels,Detroit Tigers,9,True,False,10,0,10,False
663434,2022-09-05,Los Angeles Angels,Detroit Tigers,8,False,True,9,1,10,True
662285,2022-09-07,Pittsburgh Pirates,New York Mets,8,True,True,9,1,10,False
662285,2022-09-07,Pittsburgh Pirates,New York Mets,9,True,True,10,0,10,False
662285,2022-09-07,Pittsburgh Pirates,New York Mets,8,False,False,10,0,10,False
662285,2022-09-07,Pittsburgh Pirates,New York Mets,9,False,False,10,0,10,False
662334,2022-09-08,Oakland Athletics,Chicago White Sox,8,True,True,14,0,12,False
662334,2022-09-08,Oakland Athletics,Chicago White Sox,9,True,True,12,0,12,True
662334,2022-09-08,Oakland Athletics,Chicago White Sox,8,False,False,14,2,12,False
662334,2022-09-08,Oakland Athletics,Chicago White Sox,9,False,False,12,0,12,False
662637,2022-09-09,Kansas City Royals,Detroit Tigers,8,True,True,8,1,8,False
662637,2022-09-09,Kansas City Royals,Detroit Tigers,9,True,True,8,1,8,False
662637,2022-09-09,Kansas City Royals,Detroit Tigers,8,False,False,9,1,8,False
662637,2022-09-09,Kansas City Royals,Detroit Tigers,9,False,False,9,1,8,False
661282,2022-09-10,New York Yankees,Tampa Bay Rays,8,True,False,8,2,7,False
663455,2022-09-10,Baltimore Orioles,Boston Red Sox,8,False,False,8,1,13,False
663455,2022-09-10,Baltimore Orioles,Boston Red Sox,9,False,False,13,0,13,False
662322,2022-09-10,Oakland Athletics,Chicago White Sox,9,True,True,8,0,8,False
662322,2022-09-10,Oakland Athletics,Chicago White Sox,8,False,False,8,0,8,False
662322,2022-09-10,Oakland Athletics,Chicago White Sox,9,False,False,8,0,8,False
661323,2022-09-10,Miami Marlins,New York Mets,8,True,True,9,0,8,False
661323,2022-09-10,Miami Marlins,New York Mets,9,True,True,8,0,8,False
661323,2022-09-10,Miami Marlins,New York Mets,8,False,False,9,1,8,False
661323,2022-09-10,Miami Marlins,New York Mets,9,False,False,8,0,8,False
661083,2022-09-11,Houston Astros,Los Angeles Angels,9,True,False,9,1,8,False
661848,2022-09-11,San Diego Padres,Los Angeles Dodgers,8,True,True,8,0,9,False
661848,2022-09-11,San Diego Padres,Los Angeles Dodgers,9,True,True,8,1,9,True
661848,2022-09-11,San Diego Padres,Los Angeles Dodgers,8,False,False,8,0,9,False
661848,2022-09-11,San Diego Padres,Los Angeles Dodgers,9,False,False,9,0,9,False
661822,2022-09-15,Toronto Blue Jays,Tampa Bay Rays,9,False,False,11,0,11,False
663283,2022-09-16,Arizona Diamondbacks,San Diego Padres,9,True,True,10,1,9,False
663283,2022-09-16,Arizona Diamondbacks,San Diego Padres,8,False,False,10,0,9,False
663283,2022-09-16,Arizona Diamondbacks,San Diego Padres,9,False,False,11,2,9,False
663208,2022-09-17,Boston Red Sox,Kansas City Royals,8,True,True,8,1,9,False
663208,2022-09-17,Boston Red Sox,Kansas City Royals,9,True,True,9,0,9,False
663208,2022-09-17,Boston Red Sox,Kansas City Royals,8,False,False,9,0,9,False
663208,2022-09-17,Boston Red Sox,Kansas City Royals,9,False,False,9,0,9,False
663207,2022-09-18,Boston Red Sox,Kansas City Royals,8,True,False,8,0,10,False
663207,2022-09-18,Boston Red Sox,Kansas City Royals,9,True,False,10,0,10,False
663207,2022-09-18,Boston Red Sox,Kansas City Royals,8,False,True,8,2,10,False
662822,2022-09-18,Houston Astros,Oakland Athletics,8,True,False,9,0,9,False
662822,2022-09-18,Houston Astros,Oakland Athletics,9,True,False,9,0,9,False
662822,2022-09-18,Houston Astros,Oakland Athletics,8,False,True,9,0,9,False
663423,2022-09-19,Los Angeles Angels,Seattle Mariners,9,False,False,8,0,8,False
663263,2022-09-19,Baltimore Orioles,Detroit Tigers,8,True,True,9,0,11,False
663263,2022-09-19,Baltimore Orioles,Detroit Tigers,9,True,True,9,2,11,True
663263,2022-09-19,Baltimore Orioles,Detroit Tigers,8,False,False,9,0,11,False
663263,2022-09-19,Baltimore Orioles,Detroit Tigers,9,False,False,11,0,11,False
661591,2022-09-20,Philadelphia Phillies,Toronto Blue Jays,8,False,False,9,5,7,False
661591,2022-09-20,Philadelphia Phillies,Toronto Blue Jays,9,False,False,8,1,7,False
661228,2022-09-21,New York Yankees,Pittsburgh Pirates,9,True,False,12,0,12,False
661587,2022-09-23,Philadelphia Phillies,Atlanta Braves,8,True,False,8,0,8,False
661587,2022-09-23,Philadelphia Phillies,Atlanta Braves,9,True,False,8,0,8,False
661587,2022-09-23,Philadelphia Phillies,Atlanta Braves,8,False,True,8,0,8,True
662585,2022-09-23,Los Angeles Dodgers,St. Louis Cardinals,8,True,True,10,1,11,True
662585,2022-09-23,Los Angeles Dodgers,St. Louis Cardinals,9,True,True,11,0,11,False
662585,2022-09-23,Los Angeles Dodgers,St. Louis Cardinals,8,False,False,11,0,11,False
662585,2022-09-23,Los Angeles Dodgers,St. Louis Cardinals,9,False,False,11,0,11,True
662305,2022-09-23,Oakland Athletics,New York Mets,8,True,True,8,0,7,False
662305,2022-09-23,Oakland Athletics,New York Mets,8,False,False,8,1,7,False
661067,2022-09-24,Cincinnati Reds,Milwaukee Brewers,9,False,False,8,0,8,False
661828,2022-09-25,Texas Rangers,Cleveland Guardians,8,False,False,8,2,6,False
662310,2022-09-25,Oakland Athletics,New York Mets,9,True,True,11,1,9,False
662310,2022-09-25,Oakland Athletics,New York Mets,8,False,False,11,0,9,False
662310,2022-09-25,Oakland Athletics,New York Mets,9,False,False,12,3,9,False
662460,2022-09-26,Washington Nationals,Atlanta Braves,8,True,True,8,0,8,False
662460,2022-09-26,Washington Nationals,Atlanta Braves,9,True,True,8,0,8,False
662460,2022-09-26,Washington Nationals,Atlanta Braves,8,False,False,8,0,8,False
662460,2022-09-26,Washington Nationals,Atlanta Braves,9,False,False,8,0,8,False
662821,2022-09-27,Houston Astros,Arizona Diamondbacks,9,True,False,8,0,8,False
662772,2022-09-29,Detroit Tigers,Kansas City Royals,8,True,False,10,3,7,False
661751,2022-09-30,Toronto Blue Jays,Boston Red Sox,8,True,False,8,0,9,False
661751,2022-09-30,Toronto Blue Jays,Boston Red Sox,9,True,False,9,0,9,False
661751,2022-09-30,Toronto Blue Jays,Boston Red Sox,8,False,True,8,1,9,False
662596,2022-09-30,Los Angeles Dodgers,Colorado Rockies,8,True,False,9,0,9,False
662596,2022-09-30,Los Angeles Dodgers,Colorado Rockies,9,True,False,10,1,9,True
662596,2022-09-30,Los Angeles Dodgers,Colorado Rockies,8,False,True,9,1,9,False
662572,2022-10-01,Washington Nationals,Philadelphia Phillies,9,True,False,9,0,9,False
661956,2022-10-01,St. Louis Cardinals,Pittsburgh Pirates,8,True,False,8,1,10,False
661956,2022-10-01,St. Louis Cardinals,Pittsburgh Pirates,9,True,False,10,0,10,False
661217,2022-10-01,New York Yankees,Baltimore Orioles,8,True,False,8,0,8,False
661217,2022-10-01,New York Yankees,Baltimore Orioles,9,True,False,8,0,8,False
661217,2022-10-01,New York Yankees,Baltimore Orioles,8,False,True,8,0,8,False
661098,2022-10-01,Washington Nationals,Philadelphia Phillies,8,True,True,8,0,6,False
661098,2022-10-01,Washington Nationals,Philadelphia Phillies,9,True,True,8,0,6,True
661098,2022-10-01,Washington Nationals,Philadelphia Phillies,8,False,False,8,0,6,False
661098,2022-10-01,Washington Nationals,Philadelphia Phillies,9,False,False,8,2,6,False
661736,2022-10-01,Toronto Blue Jays,Boston Red Sox,9,True,False,10,0,10,False
662087,2022-10-02,Seattle Mariners,Oakland Athletics,9,False,False,10,3,7,False
661095,2022-10-04,New York Mets,Washington Nationals,8,True,False,8,0,8,False
661095,2022-10-04,New York Mets,Washington Nationals,9,True,False,8,0,8,False
661095,2022-10-04,New York Mets,Washington Nationals,8,False,True,8,0,8,False
662768,2022-10-04,Houston Astros,Philadelphia Phillies,8,True,False,8,0,10,False
662768,2022-10-04,Houston Astros,Philadelphia Phillies,9,True,False,10,0,10,False
662768,2022-10-04,Houston Astros,Philadelphia Phillies,8,False,True,8,2,10,False
663131,2022-10-05,Cincinnati Reds,Chicago Cubs,8,True,True,11,2,13,False
663131,2022-10-05,Cincinnati Reds,Chicago Cubs,9,True,True,13,0,13,False
663131,2022-10-05,Cincinnati Reds,Chicago Cubs,8,False,False,13,0,13,False
663131,2022-10-05,Cincinnati Reds,Chicago Cubs,9,False,False,13,0,13,False
661427,2022-10-05,Chicago White Sox,Minnesota Twins,8,True,True,10,0,9,False
661427,2022-10-05,Chicago White Sox,Minnesota Twins,9,True,True,10,0,9,False
661427,2022-10-05,Chicago White Sox,Minnesota Twins,8,False,False,10,0,9,False
661427,2022-10-05,Chicago White Sox,Minnesota Twins,9,False,False,10,1,9,False
